,pdfName,downloadLink
0,6_Science_e_Curiosity1.pdf,https://ncert.nic.in/textbook/pdf/fecu101.pdf
1,6_Science_e_Curiosity2.pdf,https://ncert.nic.in/textbook/pdf/fecu102.pdf
2,6_Science_e_Curiosity3.pdf,https://ncert.nic.in/textbook/pdf/fecu103.pdf
3,6_Science_e_Curiosity4.pdf,https://ncert.nic.in/textbook/pdf/fecu104.pdf
4,6_Science_e_Curiosity5.pdf,https://ncert.nic.in/textbook/pdf/fecu105.pdf
5,6_Science_e_Curiosity6.pdf,https://ncert.nic.in/textbook/pdf/fecu106.pdf
6,6_Science_e_Curiosity7.pdf,https://ncert.nic.in/textbook/pdf/fecu107.pdf
7,6_Science_e_Curiosity8.pdf,https://ncert.nic.in/textbook/pdf/fecu108.pdf
8,6_Science_e_Curiosity9.pdf,https://ncert.nic.in/textbook/pdf/fecu109.pdf
9,6_Science_e_Curiosity10.pdf,https://ncert.nic.in/textbook/pdf/fecu110.pdf
10,6_Science_e_Curiosity11.pdf,https://ncert.nic.in/textbook/pdf/fecu111.pdf
11,6_Science_e_Curiosity12.pdf,https://ncert.nic.in/textbook/pdf/fecu112.pdf
12,6_Science_h_Jigyasa1.pdf,https://ncert.nic.in/textbook/pdf/fhcu101.pdf
13,6_Science_h_Jigyasa2.pdf,https://ncert.nic.in/textbook/pdf/fhcu102.pdf
14,6_Science_h_Jigyasa3.pdf,https://ncert.nic.in/textbook/pdf/fhcu103.pdf
15,6_Science_h_Jigyasa4.pdf,https://ncert.nic.in/textbook/pdf/fhcu104.pdf
16,6_Science_h_Jigyasa5.pdf,https://ncert.nic.in/textbook/pdf/fhcu105.pdf
17,6_Science_h_Jigyasa6.pdf,https://ncert.nic.in/textbook/pdf/fhcu106.pdf
18,6_Science_h_Jigyasa7.pdf,https://ncert.nic.in/textbook/pdf/fhcu107.pdf
19,6_Science_h_Jigyasa8.pdf,https://ncert.nic.in/textbook/pdf/fhcu108.pdf
20,6_Science_h_Jigyasa9.pdf,https://ncert.nic.in/textbook/pdf/fhcu109.pdf
21,6_Science_h_Jigyasa10.pdf,https://ncert.nic.in/textbook/pdf/fhcu110.pdf
22,6_Science_h_Jigyasa11.pdf,https://ncert.nic.in/textbook/pdf/fhcu111.pdf
23,6_Science_h_Jigyasa12.pdf,https://ncert.nic.in/textbook/pdf/fhcu112.pdf
24,6_SocialScience_e_1.pdf,https://ncert.nic.in/textbook/pdf/fees101.pdf
25,6_SocialScience_e_2.pdf,https://ncert.nic.in/textbook/pdf/fees102.pdf
26,6_SocialScience_e_3.pdf,https://ncert.nic.in/textbook/pdf/fees103.pdf
27,6_SocialScience_e_4.pdf,https://ncert.nic.in/textbook/pdf/fees104.pdf
28,6_SocialScience_e_5.pdf,https://ncert.nic.in/textbook/pdf/fees105.pdf
29,6_SocialScience_e_6.pdf,https://ncert.nic.in/textbook/pdf/fees106.pdf
30,6_SocialScience_e_7.pdf,https://ncert.nic.in/textbook/pdf/fees107.pdf
31,6_SocialScience_e_8.pdf,https://ncert.nic.in/textbook/pdf/fees108.pdf
32,6_SocialScience_e_9.pdf,https://ncert.nic.in/textbook/pdf/fees109.pdf
33,6_SocialScience_e_10.pdf,https://ncert.nic.in/textbook/pdf/fees110.pdf
34,6_SocialScience_e_11.pdf,https://ncert.nic.in/textbook/pdf/fees111.pdf
35,6_SocialScience_e_12.pdf,https://ncert.nic.in/textbook/pdf/fees112.pdf
36,6_SocialScience_e_13.pdf,https://ncert.nic.in/textbook/pdf/fees113.pdf
37,6_SocialScience_e_14.pdf,https://ncert.nic.in/textbook/pdf/fees114.pdf
38,6_SocialScience_h_1.pdf,https://ncert.nic.in/textbook/pdf/fhes101.pdf
39,6_SocialScience_h_2.pdf,https://ncert.nic.in/textbook/pdf/fhes102.pdf
40,6_SocialScience_h_3.pdf,https://ncert.nic.in/textbook/pdf/fhes103.pdf
41,6_SocialScience_h_4.pdf,https://ncert.nic.in/textbook/pdf/fhes104.pdf
42,6_SocialScience_h_5.pdf,https://ncert.nic.in/textbook/pdf/fhes105.pdf
43,6_SocialScience_h_6.pdf,https://ncert.nic.in/textbook/pdf/fhes106.pdf
44,6_SocialScience_h_7.pdf,https://ncert.nic.in/textbook/pdf/fhes107.pdf
45,6_SocialScience_h_8.pdf,https://ncert.nic.in/textbook/pdf/fhes108.pdf
46,6_SocialScience_h_9.pdf,https://ncert.nic.in/textbook/pdf/fhes109.pdf
47,6_SocialScience_h_10.pdf,https://ncert.nic.in/textbook/pdf/fhes110.pdf
48,6_SocialScience_h_11.pdf,https://ncert.nic.in/textbook/pdf/fhes111.pdf
49,6_SocialScience_h_12.pdf,https://ncert.nic.in/textbook/pdf/fhes112.pdf
50,6_SocialScience_h_13.pdf,https://ncert.nic.in/textbook/pdf/fhes113.pdf
51,6_SocialScience_h_14.pdf,https://ncert.nic.in/textbook/pdf/fhes114.pdf
52,7_Science_e_Science1.pdf,https://ncert.nic.in/textbook/pdf/gesc101.pdf
53,7_Science_e_Science2.pdf,https://ncert.nic.in/textbook/pdf/gesc102.pdf
54,7_Science_e_Science3.pdf,https://ncert.nic.in/textbook/pdf/gesc103.pdf
55,7_Science_e_Science4.pdf,https://ncert.nic.in/textbook/pdf/gesc104.pdf
56,7_Science_e_Science5.pdf,https://ncert.nic.in/textbook/pdf/gesc105.pdf
57,7_Science_e_Science6.pdf,https://ncert.nic.in/textbook/pdf/gesc106.pdf
58,7_Science_e_Science7.pdf,https://ncert.nic.in/textbook/pdf/gesc107.pdf
59,7_Science_e_Science8.pdf,https://ncert.nic.in/textbook/pdf/gesc108.pdf
60,7_Science_e_Science9.pdf,https://ncert.nic.in/textbook/pdf/gesc109.pdf
61,7_Science_e_Science10.pdf,https://ncert.nic.in/textbook/pdf/gesc110.pdf
62,7_Science_e_Science11.pdf,https://ncert.nic.in/textbook/pdf/gesc111.pdf
63,7_Science_e_Science12.pdf,https://ncert.nic.in/textbook/pdf/gesc112.pdf
64,7_Science_e_Science13.pdf,https://ncert.nic.in/textbook/pdf/gesc113.pdf
65,7_Science_h_Vigyan1.pdf,https://ncert.nic.in/textbook/pdf/ghsc101.pdf
66,7_Science_h_Vigyan2.pdf,https://ncert.nic.in/textbook/pdf/ghsc102.pdf
67,7_Science_h_Vigyan3.pdf,https://ncert.nic.in/textbook/pdf/ghsc103.pdf
68,7_Science_h_Vigyan4.pdf,https://ncert.nic.in/textbook/pdf/ghsc104.pdf
69,7_Science_h_Vigyan5.pdf,https://ncert.nic.in/textbook/pdf/ghsc105.pdf
70,7_Science_h_Vigyan6.pdf,https://ncert.nic.in/textbook/pdf/ghsc106.pdf
71,7_Science_h_Vigyan7.pdf,https://ncert.nic.in/textbook/pdf/ghsc107.pdf
72,7_Science_h_Vigyan8.pdf,https://ncert.nic.in/textbook/pdf/ghsc108.pdf
73,7_Science_h_Vigyan9.pdf,https://ncert.nic.in/textbook/pdf/ghsc109.pdf
74,7_Science_h_Vigyan10.pdf,https://ncert.nic.in/textbook/pdf/ghsc110.pdf
75,7_Science_h_Vigyan11.pdf,https://ncert.nic.in/textbook/pdf/ghsc111.pdf
76,7_Science_h_Vigyan12.pdf,https://ncert.nic.in/textbook/pdf/ghsc112.pdf
77,7_Science_h_Vigyan13.pdf,https://ncert.nic.in/textbook/pdf/ghsc113.pdf
78,7_SocialScience_e_Environment1.pdf,https://ncert.nic.in/textbook/pdf/gess201.pdf
79,7_SocialScience_e_Environment2.pdf,https://ncert.nic.in/textbook/pdf/gess202.pdf
80,7_SocialScience_e_Environment3.pdf,https://ncert.nic.in/textbook/pdf/gess203.pdf
81,7_SocialScience_e_Environment4.pdf,https://ncert.nic.in/textbook/pdf/gess204.pdf
82,7_SocialScience_e_Environment5.pdf,https://ncert.nic.in/textbook/pdf/gess205.pdf
83,7_SocialScience_e_Environment6.pdf,https://ncert.nic.in/textbook/pdf/gess206.pdf
84,7_SocialScience_e_Environment7.pdf,https://ncert.nic.in/textbook/pdf/gess207.pdf
85,7_SocialScience_e_Pasts1.pdf,https://ncert.nic.in/textbook/pdf/gess101.pdf
86,7_SocialScience_e_Pasts2.pdf,https://ncert.nic.in/textbook/pdf/gess102.pdf
87,7_SocialScience_e_Pasts3.pdf,https://ncert.nic.in/textbook/pdf/gess103.pdf
88,7_SocialScience_e_Pasts4.pdf,https://ncert.nic.in/textbook/pdf/gess104.pdf
89,7_SocialScience_e_Pasts5.pdf,https://ncert.nic.in/textbook/pdf/gess105.pdf
90,7_SocialScience_e_Pasts6.pdf,https://ncert.nic.in/textbook/pdf/gess106.pdf
91,7_SocialScience_e_Pasts7.pdf,https://ncert.nic.in/textbook/pdf/gess107.pdf
92,7_SocialScience_e_Pasts8.pdf,https://ncert.nic.in/textbook/pdf/gess108.pdf
93,7_SocialScience_e_SocialPoliticalLife1.pdf,https://ncert.nic.in/textbook/pdf/gess301.pdf
94,7_SocialScience_e_SocialPoliticalLife2.pdf,https://ncert.nic.in/textbook/pdf/gess302.pdf
95,7_SocialScience_e_SocialPoliticalLife3.pdf,https://ncert.nic.in/textbook/pdf/gess303.pdf
96,7_SocialScience_e_SocialPoliticalLife4.pdf,https://ncert.nic.in/textbook/pdf/gess304.pdf
97,7_SocialScience_e_SocialPoliticalLife5.pdf,https://ncert.nic.in/textbook/pdf/gess305.pdf
98,7_SocialScience_e_SocialPoliticalLife6.pdf,https://ncert.nic.in/textbook/pdf/gess306.pdf
99,7_SocialScience_e_SocialPoliticalLife7.pdf,https://ncert.nic.in/textbook/pdf/gess307.pdf
100,7_SocialScience_e_SocialPoliticalLife8.pdf,https://ncert.nic.in/textbook/pdf/gess308.pdf
101,7_SocialScience_h_Ateet1.pdf,https://ncert.nic.in/textbook/pdf/ghss101.pdf
102,7_SocialScience_h_Ateet2.pdf,https://ncert.nic.in/textbook/pdf/ghss102.pdf
103,7_SocialScience_h_Ateet3.pdf,https://ncert.nic.in/textbook/pdf/ghss103.pdf
104,7_SocialScience_h_Ateet4.pdf,https://ncert.nic.in/textbook/pdf/ghss104.pdf
105,7_SocialScience_h_Ateet5.pdf,https://ncert.nic.in/textbook/pdf/ghss105.pdf
106,7_SocialScience_h_Ateet6.pdf,https://ncert.nic.in/textbook/pdf/ghss106.pdf
107,7_SocialScience_h_Ateet7.pdf,https://ncert.nic.in/textbook/pdf/ghss107.pdf
108,7_SocialScience_h_Ateet8.pdf,https://ncert.nic.in/textbook/pdf/ghss108.pdf
109,7_SocialScience_h_Paryavaran1.pdf,https://ncert.nic.in/textbook/pdf/ghss201.pdf
110,7_SocialScience_h_Paryavaran2.pdf,https://ncert.nic.in/textbook/pdf/ghss202.pdf
111,7_SocialScience_h_Paryavaran3.pdf,https://ncert.nic.in/textbook/pdf/ghss203.pdf
112,7_SocialScience_h_Paryavaran4.pdf,https://ncert.nic.in/textbook/pdf/ghss204.pdf
113,7_SocialScience_h_Paryavaran5.pdf,https://ncert.nic.in/textbook/pdf/ghss205.pdf
114,7_SocialScience_h_Paryavaran6.pdf,https://ncert.nic.in/textbook/pdf/ghss206.pdf
115,7_SocialScience_h_Paryavaran7.pdf,https://ncert.nic.in/textbook/pdf/ghss207.pdf
116,7_SocialScience_h_SamajikRajneetiJeevan1.pdf,https://ncert.nic.in/textbook/pdf/ghss301.pdf
117,7_SocialScience_h_SamajikRajneetiJeevan2.pdf,https://ncert.nic.in/textbook/pdf/ghss302.pdf
118,7_SocialScience_h_SamajikRajneetiJeevan3.pdf,https://ncert.nic.in/textbook/pdf/ghss303.pdf
119,7_SocialScience_h_SamajikRajneetiJeevan4.pdf,https://ncert.nic.in/textbook/pdf/ghss304.pdf
120,7_SocialScience_h_SamajikRajneetiJeevan5.pdf,https://ncert.nic.in/textbook/pdf/ghss305.pdf
121,7_SocialScience_h_SamajikRajneetiJeevan6.pdf,https://ncert.nic.in/textbook/pdf/ghss306.pdf
122,7_SocialScience_h_SamajikRajneetiJeevan7.pdf,https://ncert.nic.in/textbook/pdf/ghss307.pdf
123,7_SocialScience_h_SamajikRajneetiJeevan8.pdf,https://ncert.nic.in/textbook/pdf/ghss308.pdf
124,8_Science_e_Science1.pdf,https://ncert.nic.in/textbook/pdf/hesc101.pdf
125,8_Science_e_Science2.pdf,https://ncert.nic.in/textbook/pdf/hesc102.pdf
126,8_Science_e_Science3.pdf,https://ncert.nic.in/textbook/pdf/hesc103.pdf
127,8_Science_e_Science4.pdf,https://ncert.nic.in/textbook/pdf/hesc104.pdf
128,8_Science_e_Science5.pdf,https://ncert.nic.in/textbook/pdf/hesc105.pdf
129,8_Science_e_Science6.pdf,https://ncert.nic.in/textbook/pdf/hesc106.pdf
130,8_Science_e_Science7.pdf,https://ncert.nic.in/textbook/pdf/hesc107.pdf
131,8_Science_e_Science8.pdf,https://ncert.nic.in/textbook/pdf/hesc108.pdf
132,8_Science_e_Science9.pdf,https://ncert.nic.in/textbook/pdf/hesc109.pdf
133,8_Science_e_Science10.pdf,https://ncert.nic.in/textbook/pdf/hesc110.pdf
134,8_Science_e_Science11.pdf,https://ncert.nic.in/textbook/pdf/hesc111.pdf
135,8_Science_e_Science12.pdf,https://ncert.nic.in/textbook/pdf/hesc112.pdf
136,8_Science_e_Science13.pdf,https://ncert.nic.in/textbook/pdf/hesc113.pdf
137,8_Science_h_Vigyan1.pdf,https://ncert.nic.in/textbook/pdf/hhsc101.pdf
138,8_Science_h_Vigyan2.pdf,https://ncert.nic.in/textbook/pdf/hhsc102.pdf
139,8_Science_h_Vigyan3.pdf,https://ncert.nic.in/textbook/pdf/hhsc103.pdf
140,8_Science_h_Vigyan4.pdf,https://ncert.nic.in/textbook/pdf/hhsc104.pdf
141,8_Science_h_Vigyan5.pdf,https://ncert.nic.in/textbook/pdf/hhsc105.pdf
142,8_Science_h_Vigyan6.pdf,https://ncert.nic.in/textbook/pdf/hhsc106.pdf
143,8_Science_h_Vigyan7.pdf,https://ncert.nic.in/textbook/pdf/hhsc107.pdf
144,8_Science_h_Vigyan8.pdf,https://ncert.nic.in/textbook/pdf/hhsc108.pdf
145,8_Science_h_Vigyan9.pdf,https://ncert.nic.in/textbook/pdf/hhsc109.pdf
146,8_Science_h_Vigyan10.pdf,https://ncert.nic.in/textbook/pdf/hhsc110.pdf
147,8_Science_h_Vigyan11.pdf,https://ncert.nic.in/textbook/pdf/hhsc111.pdf
148,8_Science_h_Vigyan12.pdf,https://ncert.nic.in/textbook/pdf/hhsc112.pdf
149,8_Science_h_Vigyan13.pdf,https://ncert.nic.in/textbook/pdf/hhsc113.pdf
150,8_SocialScience_e_Pasts1.pdf,https://ncert.nic.in/textbook/pdf/hess201.pdf
151,8_SocialScience_e_Pasts2.pdf,https://ncert.nic.in/textbook/pdf/hess202.pdf
152,8_SocialScience_e_Pasts3.pdf,https://ncert.nic.in/textbook/pdf/hess203.pdf
153,8_SocialScience_e_Pasts4.pdf,https://ncert.nic.in/textbook/pdf/hess204.pdf
154,8_SocialScience_e_Pasts5.pdf,https://ncert.nic.in/textbook/pdf/hess205.pdf
155,8_SocialScience_e_Pasts6.pdf,https://ncert.nic.in/textbook/pdf/hess206.pdf
156,8_SocialScience_e_Pasts7.pdf,https://ncert.nic.in/textbook/pdf/hess207.pdf
157,8_SocialScience_e_Pasts8.pdf,https://ncert.nic.in/textbook/pdf/hess208.pdf
158,8_SocialScience_e_ResourceDevelopment1.pdf,https://ncert.nic.in/textbook/pdf/hess401.pdf
159,8_SocialScience_e_ResourceDevelopment2.pdf,https://ncert.nic.in/textbook/pdf/hess402.pdf
160,8_SocialScience_e_ResourceDevelopment3.pdf,https://ncert.nic.in/textbook/pdf/hess403.pdf
161,8_SocialScience_e_ResourceDevelopment4.pdf,https://ncert.nic.in/textbook/pdf/hess404.pdf
162,8_SocialScience_e_ResourceDevelopment5.pdf,https://ncert.nic.in/textbook/pdf/hess405.pdf
163,8_SocialScience_e_SocialPoliticalLife1.pdf,https://ncert.nic.in/textbook/pdf/hess301.pdf
164,8_SocialScience_e_SocialPoliticalLife2.pdf,https://ncert.nic.in/textbook/pdf/hess302.pdf
165,8_SocialScience_e_SocialPoliticalLife3.pdf,https://ncert.nic.in/textbook/pdf/hess303.pdf
166,8_SocialScience_e_SocialPoliticalLife4.pdf,https://ncert.nic.in/textbook/pdf/hess304.pdf
167,8_SocialScience_e_SocialPoliticalLife5.pdf,https://ncert.nic.in/textbook/pdf/hess305.pdf
168,8_SocialScience_e_SocialPoliticalLife6.pdf,https://ncert.nic.in/textbook/pdf/hess306.pdf
169,8_SocialScience_e_SocialPoliticalLife7.pdf,https://ncert.nic.in/textbook/pdf/hess307.pdf
170,8_SocialScience_e_SocialPoliticalLife8.pdf,https://ncert.nic.in/textbook/pdf/hess308.pdf
171,8_SocialScience_h_Ateet1.pdf,https://ncert.nic.in/textbook/pdf/hhss101.pdf
172,8_SocialScience_h_Ateet2.pdf,https://ncert.nic.in/textbook/pdf/hhss102.pdf
173,8_SocialScience_h_Ateet3.pdf,https://ncert.nic.in/textbook/pdf/hhss103.pdf
174,8_SocialScience_h_Ateet4.pdf,https://ncert.nic.in/textbook/pdf/hhss104.pdf
175,8_SocialScience_h_Ateet5.pdf,https://ncert.nic.in/textbook/pdf/hhss105.pdf
176,8_SocialScience_h_Ateet6.pdf,https://ncert.nic.in/textbook/pdf/hhss106.pdf
177,8_SocialScience_h_Ateet7.pdf,https://ncert.nic.in/textbook/pdf/hhss107.pdf
178,8_SocialScience_h_Ateet8.pdf,https://ncert.nic.in/textbook/pdf/hhss108.pdf
179,8_SocialScience_h_SamajikRajneetiJeevan1.pdf,https://ncert.nic.in/textbook/pdf/hhss301.pdf
180,8_SocialScience_h_SamajikRajneetiJeevan2.pdf,https://ncert.nic.in/textbook/pdf/hhss302.pdf
181,8_SocialScience_h_SamajikRajneetiJeevan3.pdf,https://ncert.nic.in/textbook/pdf/hhss303.pdf
182,8_SocialScience_h_SamajikRajneetiJeevan4.pdf,https://ncert.nic.in/textbook/pdf/hhss304.pdf
183,8_SocialScience_h_SamajikRajneetiJeevan5.pdf,https://ncert.nic.in/textbook/pdf/hhss305.pdf
184,8_SocialScience_h_SamajikRajneetiJeevan6.pdf,https://ncert.nic.in/textbook/pdf/hhss306.pdf
185,8_SocialScience_h_SamajikRajneetiJeevan7.pdf,https://ncert.nic.in/textbook/pdf/hhss307.pdf
186,8_SocialScience_h_SamajikRajneetiJeevan8.pdf,https://ncert.nic.in/textbook/pdf/hhss308.pdf
187,8_SocialScience_h_SansadhanVikas1.pdf,https://ncert.nic.in/textbook/pdf/hhss401.pdf
188,8_SocialScience_h_SansadhanVikas2.pdf,https://ncert.nic.in/textbook/pdf/hhss402.pdf
189,8_SocialScience_h_SansadhanVikas3.pdf,https://ncert.nic.in/textbook/pdf/hhss403.pdf
190,8_SocialScience_h_SansadhanVikas4.pdf,https://ncert.nic.in/textbook/pdf/hhss404.pdf
191,8_SocialScience_h_SansadhanVikas5.pdf,https://ncert.nic.in/textbook/pdf/hhss405.pdf
192,9_Science_e_Science1.pdf,https://ncert.nic.in/textbook/pdf/iesc101.pdf
193,9_Science_e_Science2.pdf,https://ncert.nic.in/textbook/pdf/iesc102.pdf
194,9_Science_e_Science3.pdf,https://ncert.nic.in/textbook/pdf/iesc103.pdf
195,9_Science_e_Science4.pdf,https://ncert.nic.in/textbook/pdf/iesc104.pdf
196,9_Science_e_Science5.pdf,https://ncert.nic.in/textbook/pdf/iesc105.pdf
197,9_Science_e_Science6.pdf,https://ncert.nic.in/textbook/pdf/iesc106.pdf
198,9_Science_e_Science7.pdf,https://ncert.nic.in/textbook/pdf/iesc107.pdf
199,9_Science_e_Science8.pdf,https://ncert.nic.in/textbook/pdf/iesc108.pdf
200,9_Science_e_Science9.pdf,https://ncert.nic.in/textbook/pdf/iesc109.pdf
201,9_Science_e_Science10.pdf,https://ncert.nic.in/textbook/pdf/iesc110.pdf
202,9_Science_e_Science11.pdf,https://ncert.nic.in/textbook/pdf/iesc111.pdf
203,9_Science_e_Science12.pdf,https://ncert.nic.in/textbook/pdf/iesc112.pdf
204,9_Science_h_Vigyan1.pdf,https://ncert.nic.in/textbook/pdf/ihsc101.pdf
205,9_Science_h_Vigyan2.pdf,https://ncert.nic.in/textbook/pdf/ihsc102.pdf
206,9_Science_h_Vigyan3.pdf,https://ncert.nic.in/textbook/pdf/ihsc103.pdf
207,9_Science_h_Vigyan4.pdf,https://ncert.nic.in/textbook/pdf/ihsc104.pdf
208,9_Science_h_Vigyan5.pdf,https://ncert.nic.in/textbook/pdf/ihsc105.pdf
209,9_Science_h_Vigyan6.pdf,https://ncert.nic.in/textbook/pdf/ihsc106.pdf
210,9_Science_h_Vigyan7.pdf,https://ncert.nic.in/textbook/pdf/ihsc107.pdf
211,9_Science_h_Vigyan8.pdf,https://ncert.nic.in/textbook/pdf/ihsc108.pdf
212,9_Science_h_Vigyan9.pdf,https://ncert.nic.in/textbook/pdf/ihsc109.pdf
213,9_Science_h_Vigyan10.pdf,https://ncert.nic.in/textbook/pdf/ihsc110.pdf
214,9_Science_h_Vigyan11.pdf,https://ncert.nic.in/textbook/pdf/ihsc111.pdf
215,9_Science_h_Vigyan12.pdf,https://ncert.nic.in/textbook/pdf/ihsc112.pdf
216,9_SocialScience_e_ContemporaryIndia1.pdf,https://ncert.nic.in/textbook/pdf/iess101.pdf
217,9_SocialScience_e_ContemporaryIndia2.pdf,https://ncert.nic.in/textbook/pdf/iess102.pdf
218,9_SocialScience_e_ContemporaryIndia3.pdf,https://ncert.nic.in/textbook/pdf/iess103.pdf
219,9_SocialScience_e_ContemporaryIndia4.pdf,https://ncert.nic.in/textbook/pdf/iess104.pdf
220,9_SocialScience_e_ContemporaryIndia5.pdf,https://ncert.nic.in/textbook/pdf/iess105.pdf
221,9_SocialScience_e_ContemporaryIndia6.pdf,https://ncert.nic.in/textbook/pdf/iess106.pdf
222,9_SocialScience_e_DemocraticPolitics1.pdf,https://ncert.nic.in/textbook/pdf/iess401.pdf
223,9_SocialScience_e_DemocraticPolitics2.pdf,https://ncert.nic.in/textbook/pdf/iess402.pdf
224,9_SocialScience_e_DemocraticPolitics3.pdf,https://ncert.nic.in/textbook/pdf/iess403.pdf
225,9_SocialScience_e_DemocraticPolitics4.pdf,https://ncert.nic.in/textbook/pdf/iess404.pdf
226,9_SocialScience_e_DemocraticPolitics5.pdf,https://ncert.nic.in/textbook/pdf/iess405.pdf
227,9_SocialScience_e_Economics1.pdf,https://ncert.nic.in/textbook/pdf/iess201.pdf
228,9_SocialScience_e_Economics2.pdf,https://ncert.nic.in/textbook/pdf/iess202.pdf
229,9_SocialScience_e_Economics3.pdf,https://ncert.nic.in/textbook/pdf/iess203.pdf
230,9_SocialScience_e_Economics4.pdf,https://ncert.nic.in/textbook/pdf/iess204.pdf
231,9_SocialScience_e_IndiaContemporaryWorld1.pdf,https://ncert.nic.in/textbook/pdf/iess301.pdf
232,9_SocialScience_e_IndiaContemporaryWorld2.pdf,https://ncert.nic.in/textbook/pdf/iess302.pdf
233,9_SocialScience_e_IndiaContemporaryWorld3.pdf,https://ncert.nic.in/textbook/pdf/iess303.pdf
234,9_SocialScience_e_IndiaContemporaryWorld4.pdf,https://ncert.nic.in/textbook/pdf/iess304.pdf
235,9_SocialScience_e_IndiaContemporaryWorld5.pdf,https://ncert.nic.in/textbook/pdf/iess305.pdf
236,9_SocialScience_h_Arthashastra1.pdf,https://ncert.nic.in/textbook/pdf/ihss201.pdf
237,9_SocialScience_h_Arthashastra2.pdf,https://ncert.nic.in/textbook/pdf/ihss202.pdf
238,9_SocialScience_h_Arthashastra3.pdf,https://ncert.nic.in/textbook/pdf/ihss203.pdf
239,9_SocialScience_h_Arthashastra4.pdf,https://ncert.nic.in/textbook/pdf/ihss204.pdf
240,9_SocialScience_h_BharatSamkalinVishwa1.pdf,https://ncert.nic.in/textbook/pdf/ihss301.pdf
241,9_SocialScience_h_BharatSamkalinVishwa2.pdf,https://ncert.nic.in/textbook/pdf/ihss302.pdf
242,9_SocialScience_h_BharatSamkalinVishwa3.pdf,https://ncert.nic.in/textbook/pdf/ihss303.pdf
243,9_SocialScience_h_BharatSamkalinVishwa4.pdf,https://ncert.nic.in/textbook/pdf/ihss304.pdf
244,9_SocialScience_h_BharatSamkalinVishwa5.pdf,https://ncert.nic.in/textbook/pdf/ihss305.pdf
245,9_SocialScience_h_LoktantrikRajneeti1.pdf,https://ncert.nic.in/textbook/pdf/ihss401.pdf
246,9_SocialScience_h_LoktantrikRajneeti2.pdf,https://ncert.nic.in/textbook/pdf/ihss402.pdf
247,9_SocialScience_h_LoktantrikRajneeti3.pdf,https://ncert.nic.in/textbook/pdf/ihss403.pdf
248,9_SocialScience_h_LoktantrikRajneeti4.pdf,https://ncert.nic.in/textbook/pdf/ihss404.pdf
249,9_SocialScience_h_LoktantrikRajneeti5.pdf,https://ncert.nic.in/textbook/pdf/ihss405.pdf
250,9_SocialScience_h_SamkalinBharat1.pdf,https://ncert.nic.in/textbook/pdf/ihss101.pdf
251,9_SocialScience_h_SamkalinBharat2.pdf,https://ncert.nic.in/textbook/pdf/ihss102.pdf
252,9_SocialScience_h_SamkalinBharat3.pdf,https://ncert.nic.in/textbook/pdf/ihss103.pdf
253,9_SocialScience_h_SamkalinBharat4.pdf,https://ncert.nic.in/textbook/pdf/ihss104.pdf
254,9_SocialScience_h_SamkalinBharat5.pdf,https://ncert.nic.in/textbook/pdf/ihss105.pdf
255,9_SocialScience_h_SamkalinBharat6.pdf,https://ncert.nic.in/textbook/pdf/ihss106.pdf
256,10_Science_e_Science1.pdf,https://ncert.nic.in/textbook/pdf/jesc101.pdf
257,10_Science_e_Science2.pdf,https://ncert.nic.in/textbook/pdf/jesc102.pdf
258,10_Science_e_Science3.pdf,https://ncert.nic.in/textbook/pdf/jesc103.pdf
259,10_Science_e_Science4.pdf,https://ncert.nic.in/textbook/pdf/jesc104.pdf
260,10_Science_e_Science5.pdf,https://ncert.nic.in/textbook/pdf/jesc105.pdf
261,10_Science_e_Science6.pdf,https://ncert.nic.in/textbook/pdf/jesc106.pdf
262,10_Science_e_Science7.pdf,https://ncert.nic.in/textbook/pdf/jesc107.pdf
263,10_Science_e_Science8.pdf,https://ncert.nic.in/textbook/pdf/jesc108.pdf
264,10_Science_e_Science9.pdf,https://ncert.nic.in/textbook/pdf/jesc109.pdf
265,10_Science_e_Science10.pdf,https://ncert.nic.in/textbook/pdf/jesc110.pdf
266,10_Science_e_Science11.pdf,https://ncert.nic.in/textbook/pdf/jesc111.pdf
267,10_Science_e_Science12.pdf,https://ncert.nic.in/textbook/pdf/jesc112.pdf
268,10_Science_e_Science13.pdf,https://ncert.nic.in/textbook/pdf/jesc113.pdf
269,10_Science_h_Vigyan1.pdf,https://ncert.nic.in/textbook/pdf/jhsc101.pdf
270,10_Science_h_Vigyan2.pdf,https://ncert.nic.in/textbook/pdf/jhsc102.pdf
271,10_Science_h_Vigyan3.pdf,https://ncert.nic.in/textbook/pdf/jhsc103.pdf
272,10_Science_h_Vigyan4.pdf,https://ncert.nic.in/textbook/pdf/jhsc104.pdf
273,10_Science_h_Vigyan5.pdf,https://ncert.nic.in/textbook/pdf/jhsc105.pdf
274,10_Science_h_Vigyan6.pdf,https://ncert.nic.in/textbook/pdf/jhsc106.pdf
275,10_Science_h_Vigyan7.pdf,https://ncert.nic.in/textbook/pdf/jhsc107.pdf
276,10_Science_h_Vigyan8.pdf,https://ncert.nic.in/textbook/pdf/jhsc108.pdf
277,10_Science_h_Vigyan9.pdf,https://ncert.nic.in/textbook/pdf/jhsc109.pdf
278,10_Science_h_Vigyan10.pdf,https://ncert.nic.in/textbook/pdf/jhsc110.pdf
279,10_Science_h_Vigyan11.pdf,https://ncert.nic.in/textbook/pdf/jhsc111.pdf
280,10_Science_h_Vigyan12.pdf,https://ncert.nic.in/textbook/pdf/jhsc112.pdf
281,10_Science_h_Vigyan13.pdf,https://ncert.nic.in/textbook/pdf/jhsc113.pdf
282,10_SocialScience_e_ContemporaryIndia1.pdf,https://ncert.nic.in/textbook/pdf/jess101.pdf
283,10_SocialScience_e_ContemporaryIndia2.pdf,https://ncert.nic.in/textbook/pdf/jess102.pdf
284,10_SocialScience_e_ContemporaryIndia3.pdf,https://ncert.nic.in/textbook/pdf/jess103.pdf
285,10_SocialScience_e_ContemporaryIndia4.pdf,https://ncert.nic.in/textbook/pdf/jess104.pdf
286,10_SocialScience_e_ContemporaryIndia5.pdf,https://ncert.nic.in/textbook/pdf/jess105.pdf
287,10_SocialScience_e_ContemporaryIndia6.pdf,https://ncert.nic.in/textbook/pdf/jess106.pdf
288,10_SocialScience_e_ContemporaryIndia7.pdf,https://ncert.nic.in/textbook/pdf/jess107.pdf
289,10_SocialScience_e_DemocraticPolitics1.pdf,https://ncert.nic.in/textbook/pdf/jess401.pdf
290,10_SocialScience_e_DemocraticPolitics2.pdf,https://ncert.nic.in/textbook/pdf/jess402.pdf
291,10_SocialScience_e_DemocraticPolitics3.pdf,https://ncert.nic.in/textbook/pdf/jess403.pdf
292,10_SocialScience_e_DemocraticPolitics4.pdf,https://ncert.nic.in/textbook/pdf/jess404.pdf
293,10_SocialScience_e_DemocraticPolitics5.pdf,https://ncert.nic.in/textbook/pdf/jess405.pdf
294,10_SocialScience_e_Economics1.pdf,https://ncert.nic.in/textbook/pdf/jess201.pdf
295,10_SocialScience_e_Economics2.pdf,https://ncert.nic.in/textbook/pdf/jess202.pdf
296,10_SocialScience_e_Economics3.pdf,https://ncert.nic.in/textbook/pdf/jess203.pdf
297,10_SocialScience_e_Economics4.pdf,https://ncert.nic.in/textbook/pdf/jess204.pdf
298,10_SocialScience_e_Economics5.pdf,https://ncert.nic.in/textbook/pdf/jess205.pdf
299,10_SocialScience_e_IndiaContemporaryWorld1.pdf,https://ncert.nic.in/textbook/pdf/jess301.pdf
300,10_SocialScience_e_IndiaContemporaryWorld2.pdf,https://ncert.nic.in/textbook/pdf/jess302.pdf
301,10_SocialScience_e_IndiaContemporaryWorld3.pdf,https://ncert.nic.in/textbook/pdf/jess303.pdf
302,10_SocialScience_e_IndiaContemporaryWorld4.pdf,https://ncert.nic.in/textbook/pdf/jess304.pdf
303,10_SocialScience_e_IndiaContemporaryWorld5.pdf,https://ncert.nic.in/textbook/pdf/jess305.pdf
304,10_SocialScience_h_Arthashastra1.pdf,https://ncert.nic.in/textbook/pdf/jhss201.pdf
305,10_SocialScience_h_Arthashastra2.pdf,https://ncert.nic.in/textbook/pdf/jhss202.pdf
306,10_SocialScience_h_Arthashastra3.pdf,https://ncert.nic.in/textbook/pdf/jhss203.pdf
307,10_SocialScience_h_Arthashastra4.pdf,https://ncert.nic.in/textbook/pdf/jhss204.pdf
308,10_SocialScience_h_Arthashastra5.pdf,https://ncert.nic.in/textbook/pdf/jhss205.pdf
309,10_SocialScience_h_BharatSamkalinVishwa1.pdf,https://ncert.nic.in/textbook/pdf/jhss401.pdf
310,10_SocialScience_h_BharatSamkalinVishwa2.pdf,https://ncert.nic.in/textbook/pdf/jhss402.pdf
311,10_SocialScience_h_BharatSamkalinVishwa3.pdf,https://ncert.nic.in/textbook/pdf/jhss403.pdf
312,10_SocialScience_h_BharatSamkalinVishwa4.pdf,https://ncert.nic.in/textbook/pdf/jhss404.pdf
313,10_SocialScience_h_BharatSamkalinVishwa5.pdf,https://ncert.nic.in/textbook/pdf/jhss405.pdf
314,10_SocialScience_h_LoktantrikRajneeti1.pdf,https://ncert.nic.in/textbook/pdf/jhss401.pdf
315,10_SocialScience_h_LoktantrikRajneeti2.pdf,https://ncert.nic.in/textbook/pdf/jhss402.pdf
316,10_SocialScience_h_LoktantrikRajneeti3.pdf,https://ncert.nic.in/textbook/pdf/jhss403.pdf
317,10_SocialScience_h_LoktantrikRajneeti4.pdf,https://ncert.nic.in/textbook/pdf/jhss404.pdf
318,10_SocialScience_h_LoktantrikRajneeti5.pdf,https://ncert.nic.in/textbook/pdf/jhss405.pdf
319,10_SocialScience_h_SamkalinBharat1.pdf,https://ncert.nic.in/textbook/pdf/jhss101.pdf
320,10_SocialScience_h_SamkalinBharat2.pdf,https://ncert.nic.in/textbook/pdf/jhss102.pdf
321,10_SocialScience_h_SamkalinBharat3.pdf,https://ncert.nic.in/textbook/pdf/jhss103.pdf
322,10_SocialScience_h_SamkalinBharat4.pdf,https://ncert.nic.in/textbook/pdf/jhss104.pdf
323,10_SocialScience_h_SamkalinBharat5.pdf,https://ncert.nic.in/textbook/pdf/jhss105.pdf
324,10_SocialScience_h_SamkalinBharat6.pdf,https://ncert.nic.in/textbook/pdf/jhss106.pdf
325,10_SocialScience_h_SamkalinBharat7.pdf,https://ncert.nic.in/textbook/pdf/jhss107.pdf
326,11_Economics_e_IndianEconomicDevelopment1.pdf,https://ncert.nic.in/textbook/pdf/keec101.pdf
327,11_Economics_e_IndianEconomicDevelopment2.pdf,https://ncert.nic.in/textbook/pdf/keec102.pdf
328,11_Economics_e_IndianEconomicDevelopment3.pdf,https://ncert.nic.in/textbook/pdf/keec103.pdf
329,11_Economics_e_IndianEconomicDevelopment4.pdf,https://ncert.nic.in/textbook/pdf/keec104.pdf
330,11_Economics_e_IndianEconomicDevelopment5.pdf,https://ncert.nic.in/textbook/pdf/keec105.pdf
331,11_Economics_e_IndianEconomicDevelopment6.pdf,https://ncert.nic.in/textbook/pdf/keec106.pdf
332,11_Economics_e_IndianEconomicDevelopment7.pdf,https://ncert.nic.in/textbook/pdf/keec107.pdf
333,11_Economics_e_IndianEconomicDevelopment8.pdf,https://ncert.nic.in/textbook/pdf/keec108.pdf
334,11_Economics_e_Statistics1.pdf,https://ncert.nic.in/textbook/pdf/kest101.pdf
335,11_Economics_e_Statistics2.pdf,https://ncert.nic.in/textbook/pdf/kest102.pdf
336,11_Economics_e_Statistics3.pdf,https://ncert.nic.in/textbook/pdf/kest103.pdf
337,11_Economics_e_Statistics4.pdf,https://ncert.nic.in/textbook/pdf/kest104.pdf
338,11_Economics_e_Statistics5.pdf,https://ncert.nic.in/textbook/pdf/kest105.pdf
339,11_Economics_e_Statistics6.pdf,https://ncert.nic.in/textbook/pdf/kest106.pdf
340,11_Economics_e_Statistics7.pdf,https://ncert.nic.in/textbook/pdf/kest107.pdf
341,11_Economics_e_Statistics8.pdf,https://ncert.nic.in/textbook/pdf/kest108.pdf
342,11_Economics_h_BhartiyaArthvyasthaVikas1.pdf,https://ncert.nic.in/textbook/pdf/khec101.pdf
343,11_Economics_h_BhartiyaArthvyasthaVikas2.pdf,https://ncert.nic.in/textbook/pdf/khec102.pdf
344,11_Economics_h_BhartiyaArthvyasthaVikas3.pdf,https://ncert.nic.in/textbook/pdf/khec103.pdf
345,11_Economics_h_BhartiyaArthvyasthaVikas4.pdf,https://ncert.nic.in/textbook/pdf/khec104.pdf
346,11_Economics_h_BhartiyaArthvyasthaVikas5.pdf,https://ncert.nic.in/textbook/pdf/khec105.pdf
347,11_Economics_h_BhartiyaArthvyasthaVikas6.pdf,https://ncert.nic.in/textbook/pdf/khec106.pdf
348,11_Economics_h_BhartiyaArthvyasthaVikas7.pdf,https://ncert.nic.in/textbook/pdf/khec107.pdf
349,11_Economics_h_BhartiyaArthvyasthaVikas8.pdf,https://ncert.nic.in/textbook/pdf/khec108.pdf
350,11_Economics_h_Sankhyiki1.pdf,https://ncert.nic.in/textbook/pdf/khst101.pdf
351,11_Economics_h_Sankhyiki2.pdf,https://ncert.nic.in/textbook/pdf/khst102.pdf
352,11_Economics_h_Sankhyiki3.pdf,https://ncert.nic.in/textbook/pdf/khst103.pdf
353,11_Economics_h_Sankhyiki4.pdf,https://ncert.nic.in/textbook/pdf/khst104.pdf
354,11_Economics_h_Sankhyiki5.pdf,https://ncert.nic.in/textbook/pdf/khst105.pdf
355,11_Economics_h_Sankhyiki6.pdf,https://ncert.nic.in/textbook/pdf/khst106.pdf
356,11_Economics_h_Sankhyiki7.pdf,https://ncert.nic.in/textbook/pdf/khst107.pdf
357,11_Economics_h_Sankhyiki8.pdf,https://ncert.nic.in/textbook/pdf/khst108.pdf
358,11_FineArt_h_BhartiyaKala parichay1.pdf,https://ncert.nic.in/textbook/pdf/khfa101.pdf
359,11_FineArt_h_BhartiyaKala parichay2.pdf,https://ncert.nic.in/textbook/pdf/khfa102.pdf
360,11_FineArt_h_BhartiyaKala parichay3.pdf,https://ncert.nic.in/textbook/pdf/khfa103.pdf
361,11_FineArt_h_BhartiyaKala parichay4.pdf,https://ncert.nic.in/textbook/pdf/khfa104.pdf
362,11_FineArt_h_BhartiyaKala parichay5.pdf,https://ncert.nic.in/textbook/pdf/khfa105.pdf
363,11_FineArt_h_BhartiyaKala parichay6.pdf,https://ncert.nic.in/textbook/pdf/khfa106.pdf
364,11_FineArt_h_BhartiyaKala parichay7.pdf,https://ncert.nic.in/textbook/pdf/khfa107.pdf
365,11_FineArt_h_BhartiyaKala parichay8.pdf,https://ncert.nic.in/textbook/pdf/khfa108.pdf
366,11_FineArt_e_IntroductionIndianArt1.pdf,https://ncert.nic.in/textbook/pdf/kefa101.pdf
367,11_FineArt_e_IntroductionIndianArt2.pdf,https://ncert.nic.in/textbook/pdf/kefa102.pdf
368,11_FineArt_e_IntroductionIndianArt3.pdf,https://ncert.nic.in/textbook/pdf/kefa103.pdf
369,11_FineArt_e_IntroductionIndianArt4.pdf,https://ncert.nic.in/textbook/pdf/kefa104.pdf
370,11_FineArt_e_IntroductionIndianArt5.pdf,https://ncert.nic.in/textbook/pdf/kefa105.pdf
371,11_FineArt_e_IntroductionIndianArt6.pdf,https://ncert.nic.in/textbook/pdf/kefa106.pdf
372,11_FineArt_e_IntroductionIndianArt7.pdf,https://ncert.nic.in/textbook/pdf/kefa107.pdf
373,11_FineArt_e_IntroductionIndianArt8.pdf,https://ncert.nic.in/textbook/pdf/kefa108.pdf
374,11_Geography_e_FundamentalPhysicalGeography1.pdf,https://ncert.nic.in/textbook/pdf/kegy201.pdf
375,11_Geography_e_FundamentalPhysicalGeography2.pdf,https://ncert.nic.in/textbook/pdf/kegy202.pdf
376,11_Geography_e_FundamentalPhysicalGeography3.pdf,https://ncert.nic.in/textbook/pdf/kegy203.pdf
377,11_Geography_e_FundamentalPhysicalGeography4.pdf,https://ncert.nic.in/textbook/pdf/kegy204.pdf
378,11_Geography_e_FundamentalPhysicalGeography5.pdf,https://ncert.nic.in/textbook/pdf/kegy205.pdf
379,11_Geography_e_FundamentalPhysicalGeography6.pdf,https://ncert.nic.in/textbook/pdf/kegy206.pdf
380,11_Geography_e_FundamentalPhysicalGeography7.pdf,https://ncert.nic.in/textbook/pdf/kegy207.pdf
381,11_Geography_e_FundamentalPhysicalGeography8.pdf,https://ncert.nic.in/textbook/pdf/kegy208.pdf
382,11_Geography_e_FundamentalPhysicalGeography9.pdf,https://ncert.nic.in/textbook/pdf/kegy209.pdf
383,11_Geography_e_FundamentalPhysicalGeography10.pdf,https://ncert.nic.in/textbook/pdf/kegy210.pdf
384,11_Geography_e_FundamentalPhysicalGeography11.pdf,https://ncert.nic.in/textbook/pdf/kegy211.pdf
385,11_Geography_e_FundamentalPhysicalGeography12.pdf,https://ncert.nic.in/textbook/pdf/kegy212.pdf
386,11_Geography_e_FundamentalPhysicalGeography13.pdf,https://ncert.nic.in/textbook/pdf/kegy213.pdf
387,11_Geography_e_FundamentalPhysicalGeography14.pdf,https://ncert.nic.in/textbook/pdf/kegy214.pdf
388,11_Geography_e_IndianPhysicalEnvironment1.pdf,https://ncert.nic.in/textbook/pdf/kegy101.pdf
389,11_Geography_e_IndianPhysicalEnvironment2.pdf,https://ncert.nic.in/textbook/pdf/kegy102.pdf
390,11_Geography_e_IndianPhysicalEnvironment3.pdf,https://ncert.nic.in/textbook/pdf/kegy103.pdf
391,11_Geography_e_IndianPhysicalEnvironment4.pdf,https://ncert.nic.in/textbook/pdf/kegy104.pdf
392,11_Geography_e_IndianPhysicalEnvironment5.pdf,https://ncert.nic.in/textbook/pdf/kegy105.pdf
393,11_Geography_e_IndianPhysicalEnvironment6.pdf,https://ncert.nic.in/textbook/pdf/kegy106.pdf
394,11_Geography_e_Practical1.pdf,https://ncert.nic.in/textbook/pdf/kegy301.pdf
395,11_Geography_e_Practical2.pdf,https://ncert.nic.in/textbook/pdf/kegy302.pdf
396,11_Geography_e_Practical3.pdf,https://ncert.nic.in/textbook/pdf/kegy303.pdf
397,11_Geography_e_Practical4.pdf,https://ncert.nic.in/textbook/pdf/kegy304.pdf
398,11_Geography_e_Practical5.pdf,https://ncert.nic.in/textbook/pdf/kegy305.pdf
399,11_Geography_e_Practical6.pdf,https://ncert.nic.in/textbook/pdf/kegy306.pdf
400,11_Geography_h_BharatBhautikParyabaran1.pdf,https://ncert.nic.in/textbook/pdf/khgy101.pdf
401,11_Geography_h_BharatBhautikParyabaran2.pdf,https://ncert.nic.in/textbook/pdf/khgy102.pdf
402,11_Geography_h_BharatBhautikParyabaran3.pdf,https://ncert.nic.in/textbook/pdf/khgy103.pdf
403,11_Geography_h_BharatBhautikParyabaran4.pdf,https://ncert.nic.in/textbook/pdf/khgy104.pdf
404,11_Geography_h_BharatBhautikParyabaran5.pdf,https://ncert.nic.in/textbook/pdf/khgy105.pdf
405,11_Geography_h_BharatBhautikParyabaran6.pdf,https://ncert.nic.in/textbook/pdf/khgy106.pdf
406,11_Geography_h_BhautiqueBhugolMoolSidhant1.pdf,https://ncert.nic.in/textbook/pdf/khgy201.pdf
407,11_Geography_h_BhautiqueBhugolMoolSidhant2.pdf,https://ncert.nic.in/textbook/pdf/khgy202.pdf
408,11_Geography_h_BhautiqueBhugolMoolSidhant3.pdf,https://ncert.nic.in/textbook/pdf/khgy203.pdf
409,11_Geography_h_BhautiqueBhugolMoolSidhant4.pdf,https://ncert.nic.in/textbook/pdf/khgy204.pdf
410,11_Geography_h_BhautiqueBhugolMoolSidhant5.pdf,https://ncert.nic.in/textbook/pdf/khgy205.pdf
411,11_Geography_h_BhautiqueBhugolMoolSidhant6.pdf,https://ncert.nic.in/textbook/pdf/khgy206.pdf
412,11_Geography_h_BhautiqueBhugolMoolSidhant7.pdf,https://ncert.nic.in/textbook/pdf/khgy207.pdf
413,11_Geography_h_BhautiqueBhugolMoolSidhant8.pdf,https://ncert.nic.in/textbook/pdf/khgy208.pdf
414,11_Geography_h_BhautiqueBhugolMoolSidhant9.pdf,https://ncert.nic.in/textbook/pdf/khgy209.pdf
415,11_Geography_h_BhautiqueBhugolMoolSidhant10.pdf,https://ncert.nic.in/textbook/pdf/khgy210.pdf
416,11_Geography_h_BhautiqueBhugolMoolSidhant11.pdf,https://ncert.nic.in/textbook/pdf/khgy211.pdf
417,11_Geography_h_BhautiqueBhugolMoolSidhant12.pdf,https://ncert.nic.in/textbook/pdf/khgy212.pdf
418,11_Geography_h_BhautiqueBhugolMoolSidhant13.pdf,https://ncert.nic.in/textbook/pdf/khgy213.pdf
419,11_Geography_h_BhautiqueBhugolMoolSidhant14.pdf,https://ncert.nic.in/textbook/pdf/khgy214.pdf
420,11_Geography_h_Prayogatmak1.pdf,https://ncert.nic.in/textbook/pdf/khgy301.pdf
421,11_Geography_h_Prayogatmak2.pdf,https://ncert.nic.in/textbook/pdf/khgy302.pdf
422,11_Geography_h_Prayogatmak3.pdf,https://ncert.nic.in/textbook/pdf/khgy303.pdf
423,11_Geography_h_Prayogatmak4.pdf,https://ncert.nic.in/textbook/pdf/khgy304.pdf
424,11_Geography_h_Prayogatmak5.pdf,https://ncert.nic.in/textbook/pdf/khgy305.pdf
425,11_Geography_h_Prayogatmak6.pdf,https://ncert.nic.in/textbook/pdf/khgy306.pdf
426,11_History_e_ThemesWorldHistory1.pdf,https://ncert.nic.in/textbook/pdf/kehs101.pdf
427,11_History_e_ThemesWorldHistory2.pdf,https://ncert.nic.in/textbook/pdf/kehs102.pdf
428,11_History_e_ThemesWorldHistory3.pdf,https://ncert.nic.in/textbook/pdf/kehs103.pdf
429,11_History_e_ThemesWorldHistory4.pdf,https://ncert.nic.in/textbook/pdf/kehs104.pdf
430,11_History_e_ThemesWorldHistory5.pdf,https://ncert.nic.in/textbook/pdf/kehs105.pdf
431,11_History_e_ThemesWorldHistory6.pdf,https://ncert.nic.in/textbook/pdf/kehs106.pdf
432,11_History_e_ThemesWorldHistory7.pdf,https://ncert.nic.in/textbook/pdf/kehs107.pdf
433,11_History_h_VishwaItihaasVishay1.pdf,https://ncert.nic.in/textbook/pdf/khhs101.pdf
434,11_History_h_VishwaItihaasVishay2.pdf,https://ncert.nic.in/textbook/pdf/khhs102.pdf
435,11_History_h_VishwaItihaasVishay3.pdf,https://ncert.nic.in/textbook/pdf/khhs103.pdf
436,11_History_h_VishwaItihaasVishay4.pdf,https://ncert.nic.in/textbook/pdf/khhs104.pdf
437,11_History_h_VishwaItihaasVishay5.pdf,https://ncert.nic.in/textbook/pdf/khhs105.pdf
438,11_History_h_VishwaItihaasVishay6.pdf,https://ncert.nic.in/textbook/pdf/khhs106.pdf
439,11_History_h_VishwaItihaasVishay7.pdf,https://ncert.nic.in/textbook/pdf/khhs107.pdf
440,11_KnowledgeTraditionPracticesIndia_e_1.pdf,https://ncert.nic.in/textbook/pdf/keks101.pdf
441,11_KnowledgeTraditionPracticesIndia_e_2.pdf,https://ncert.nic.in/textbook/pdf/keks102.pdf
442,11_KnowledgeTraditionPracticesIndia_e_3.pdf,https://ncert.nic.in/textbook/pdf/keks103.pdf
443,11_KnowledgeTraditionPracticesIndia_e_4.pdf,https://ncert.nic.in/textbook/pdf/keks104.pdf
444,11_KnowledgeTraditionPracticesIndia_e_5.pdf,https://ncert.nic.in/textbook/pdf/keks105.pdf
445,11_KnowledgeTraditionPracticesIndia_e_6.pdf,https://ncert.nic.in/textbook/pdf/keks106.pdf
446,11_KnowledgeTraditionPracticesIndia_e_7.pdf,https://ncert.nic.in/textbook/pdf/keks107.pdf
447,11_KnowledgeTraditionPracticesIndia_e_8.pdf,https://ncert.nic.in/textbook/pdf/keks108.pdf
448,11_KnowledgeTraditionPracticesIndia_e_9.pdf,https://ncert.nic.in/textbook/pdf/keks109.pdf
449,11_PoliticalScience_e_IndianConstitutionWork1.pdf,https://ncert.nic.in/textbook/pdf/keps201.pdf
450,11_PoliticalScience_e_IndianConstitutionWork2.pdf,https://ncert.nic.in/textbook/pdf/keps202.pdf
451,11_PoliticalScience_e_IndianConstitutionWork3.pdf,https://ncert.nic.in/textbook/pdf/keps203.pdf
452,11_PoliticalScience_e_IndianConstitutionWork4.pdf,https://ncert.nic.in/textbook/pdf/keps204.pdf
453,11_PoliticalScience_e_IndianConstitutionWork5.pdf,https://ncert.nic.in/textbook/pdf/keps205.pdf
454,11_PoliticalScience_e_IndianConstitutionWork6.pdf,https://ncert.nic.in/textbook/pdf/keps206.pdf
455,11_PoliticalScience_e_IndianConstitutionWork7.pdf,https://ncert.nic.in/textbook/pdf/keps207.pdf
456,11_PoliticalScience_e_IndianConstitutionWork8.pdf,https://ncert.nic.in/textbook/pdf/keps208.pdf
457,11_PoliticalScience_e_IndianConstitutionWork9.pdf,https://ncert.nic.in/textbook/pdf/keps209.pdf
458,11_PoliticalScience_e_IndianConstitutionWork10.pdf,https://ncert.nic.in/textbook/pdf/keps210.pdf
459,11_PoliticalScience_e_PoliticialTheory1.pdf,https://ncert.nic.in/textbook/pdf/keps101.pdf
460,11_PoliticalScience_e_PoliticialTheory2.pdf,https://ncert.nic.in/textbook/pdf/keps102.pdf
461,11_PoliticalScience_e_PoliticialTheory3.pdf,https://ncert.nic.in/textbook/pdf/keps103.pdf
462,11_PoliticalScience_e_PoliticialTheory4.pdf,https://ncert.nic.in/textbook/pdf/keps104.pdf
463,11_PoliticalScience_e_PoliticialTheory5.pdf,https://ncert.nic.in/textbook/pdf/keps105.pdf
464,11_PoliticalScience_e_PoliticialTheory6.pdf,https://ncert.nic.in/textbook/pdf/keps106.pdf
465,11_PoliticalScience_e_PoliticialTheory7.pdf,https://ncert.nic.in/textbook/pdf/keps107.pdf
466,11_PoliticalScience_e_PoliticialTheory8.pdf,https://ncert.nic.in/textbook/pdf/keps108.pdf
467,11_PoliticalScience_h_RajneetiShastra1.pdf,https://ncert.nic.in/textbook/pdf/khps101.pdf
468,11_PoliticalScience_h_RajneetiShastra2.pdf,https://ncert.nic.in/textbook/pdf/khps102.pdf
469,11_PoliticalScience_h_RajneetiShastra3.pdf,https://ncert.nic.in/textbook/pdf/khps103.pdf
470,11_PoliticalScience_h_RajneetiShastra4.pdf,https://ncert.nic.in/textbook/pdf/khps104.pdf
471,11_PoliticalScience_h_RajneetiShastra5.pdf,https://ncert.nic.in/textbook/pdf/khps105.pdf
472,11_PoliticalScience_h_RajneetiShastra6.pdf,https://ncert.nic.in/textbook/pdf/khps106.pdf
473,11_PoliticalScience_h_RajneetiShastra7.pdf,https://ncert.nic.in/textbook/pdf/khps107.pdf
474,11_PoliticalScience_h_RajneetiShastra8.pdf,https://ncert.nic.in/textbook/pdf/khps108.pdf
475,11_PoliticalScience_h_Sambhidan1.pdf,https://ncert.nic.in/textbook/pdf/khps201.pdf
476,11_PoliticalScience_h_Sambhidan2.pdf,https://ncert.nic.in/textbook/pdf/khps202.pdf
477,11_PoliticalScience_h_Sambhidan3.pdf,https://ncert.nic.in/textbook/pdf/khps203.pdf
478,11_PoliticalScience_h_Sambhidan4.pdf,https://ncert.nic.in/textbook/pdf/khps204.pdf
479,11_PoliticalScience_h_Sambhidan5.pdf,https://ncert.nic.in/textbook/pdf/khps205.pdf
480,11_PoliticalScience_h_Sambhidan6.pdf,https://ncert.nic.in/textbook/pdf/khps206.pdf
481,11_PoliticalScience_h_Sambhidan7.pdf,https://ncert.nic.in/textbook/pdf/khps207.pdf
482,11_PoliticalScience_h_Sambhidan8.pdf,https://ncert.nic.in/textbook/pdf/khps208.pdf
483,11_PoliticalScience_h_Sambhidan9.pdf,https://ncert.nic.in/textbook/pdf/khps209.pdf
484,11_PoliticalScience_h_Sambhidan10.pdf,https://ncert.nic.in/textbook/pdf/khps210.pdf
485,11_Sociology_e_IntroductionSociety1.pdf,https://ncert.nic.in/textbook/pdf/kesy101.pdf
486,11_Sociology_e_IntroductionSociety2.pdf,https://ncert.nic.in/textbook/pdf/kesy102.pdf
487,11_Sociology_e_IntroductionSociety3.pdf,https://ncert.nic.in/textbook/pdf/kesy103.pdf
488,11_Sociology_e_IntroductionSociety4.pdf,https://ncert.nic.in/textbook/pdf/kesy104.pdf
489,11_Sociology_e_IntroductionSociety5.pdf,https://ncert.nic.in/textbook/pdf/kesy105.pdf
490,11_Sociology_e_UnderstandingSociety1.pdf,https://ncert.nic.in/textbook/pdf/kesy201.pdf
491,11_Sociology_e_UnderstandingSociety2.pdf,https://ncert.nic.in/textbook/pdf/kesy202.pdf
492,11_Sociology_e_UnderstandingSociety3.pdf,https://ncert.nic.in/textbook/pdf/kesy203.pdf
493,11_Sociology_e_UnderstandingSociety4.pdf,https://ncert.nic.in/textbook/pdf/kesy204.pdf
494,11_Sociology_e_UnderstandingSociety5.pdf,https://ncert.nic.in/textbook/pdf/kesy205.pdf
495,11_Sociology_h_SamajBodh1.pdf,https://ncert.nic.in/textbook/pdf/khsy201.pdf
496,11_Sociology_h_SamajBodh2.pdf,https://ncert.nic.in/textbook/pdf/khsy202.pdf
497,11_Sociology_h_SamajBodh3.pdf,https://ncert.nic.in/textbook/pdf/khsy203.pdf
498,11_Sociology_h_SamajBodh4.pdf,https://ncert.nic.in/textbook/pdf/khsy204.pdf
499,11_Sociology_h_SamajBodh5.pdf,https://ncert.nic.in/textbook/pdf/khsy205.pdf
500,11_Sociology_h_SamajParichay1.pdf,https://ncert.nic.in/textbook/pdf/khsy101.pdf
501,11_Sociology_h_SamajParichay2.pdf,https://ncert.nic.in/textbook/pdf/khsy102.pdf
502,11_Sociology_h_SamajParichay3.pdf,https://ncert.nic.in/textbook/pdf/khsy103.pdf
503,11_Sociology_h_SamajParichay4.pdf,https://ncert.nic.in/textbook/pdf/khsy104.pdf
504,11_Sociology_h_SamajParichay5.pdf,https://ncert.nic.in/textbook/pdf/khsy105.pdf
505,12_Biology_e_1.pdf,https://ncert.nic.in/textbook/pdf/lebo111.pdf
506,12_Biology_e_2.pdf,https://ncert.nic.in/textbook/pdf/lebo112.pdf
507,12_Biology_e_3.pdf,https://ncert.nic.in/textbook/pdf/lebo113.pdf
508,12_Biology_h_JeevVigyan1.pdf,https://ncert.nic.in/textbook/pdf/lhbo111.pdf
509,12_Biology_h_JeevVigyan2.pdf,https://ncert.nic.in/textbook/pdf/lhbo112.pdf
510,12_Biology_h_JeevVigyan3.pdf,https://ncert.nic.in/textbook/pdf/lhbo113.pdf
511,12_Economics_e_MacroEconomics1.pdf,https://ncert.nic.in/textbook/pdf/leec101.pdf
512,12_Economics_e_MacroEconomics2.pdf,https://ncert.nic.in/textbook/pdf/leec102.pdf
513,12_Economics_e_MacroEconomics3.pdf,https://ncert.nic.in/textbook/pdf/leec103.pdf
514,12_Economics_e_MacroEconomics4.pdf,https://ncert.nic.in/textbook/pdf/leec104.pdf
515,12_Economics_e_MacroEconomics5.pdf,https://ncert.nic.in/textbook/pdf/leec105.pdf
516,12_Economics_e_MacroEconomics6.pdf,https://ncert.nic.in/textbook/pdf/leec106.pdf
517,12_Economics_e_MicroEconomics1.pdf,https://ncert.nic.in/textbook/pdf/leec201.pdf
518,12_Economics_e_MicroEconomics2.pdf,https://ncert.nic.in/textbook/pdf/leec202.pdf
519,12_Economics_e_MicroEconomics3.pdf,https://ncert.nic.in/textbook/pdf/leec203.pdf
520,12_Economics_e_MicroEconomics4.pdf,https://ncert.nic.in/textbook/pdf/leec204.pdf
521,12_Economics_e_MicroEconomics5.pdf,https://ncert.nic.in/textbook/pdf/leec205.pdf
522,12_Economics_h_Samshty1.pdf,https://ncert.nic.in/textbook/pdf/lhec101.pdf
523,12_Economics_h_Samshty2.pdf,https://ncert.nic.in/textbook/pdf/lhec102.pdf
524,12_Economics_h_Samshty3.pdf,https://ncert.nic.in/textbook/pdf/lhec103.pdf
525,12_Economics_h_Samshty4.pdf,https://ncert.nic.in/textbook/pdf/lhec104.pdf
526,12_Economics_h_Samshty5.pdf,https://ncert.nic.in/textbook/pdf/lhec105.pdf
527,12_Economics_h_Samshty6.pdf,https://ncert.nic.in/textbook/pdf/lhec106.pdf
528,12_Economics_h_Vyashti1.pdf,https://ncert.nic.in/textbook/pdf/lhec201.pdf
529,12_Economics_h_Vyashti2.pdf,https://ncert.nic.in/textbook/pdf/lhec202.pdf
530,12_Economics_h_Vyashti3.pdf,https://ncert.nic.in/textbook/pdf/lhec203.pdf
531,12_Economics_h_Vyashti4.pdf,https://ncert.nic.in/textbook/pdf/lhec204.pdf
532,12_Economics_h_Vyashti5.pdf,https://ncert.nic.in/textbook/pdf/lhec205.pdf
533,12_FineArt_e_IntroductionIndianArt1.pdf,https://ncert.nic.in/textbook/pdf/lefa101.pdf
534,12_FineArt_e_IntroductionIndianArt2.pdf,https://ncert.nic.in/textbook/pdf/lefa102.pdf
535,12_FineArt_e_IntroductionIndianArt3.pdf,https://ncert.nic.in/textbook/pdf/lefa103.pdf
536,12_FineArt_e_IntroductionIndianArt4.pdf,https://ncert.nic.in/textbook/pdf/lefa104.pdf
537,12_FineArt_e_IntroductionIndianArt5.pdf,https://ncert.nic.in/textbook/pdf/lefa105.pdf
538,12_FineArt_e_IntroductionIndianArt6.pdf,https://ncert.nic.in/textbook/pdf/lefa106.pdf
539,12_FineArt_e_IntroductionIndianArt7.pdf,https://ncert.nic.in/textbook/pdf/lefa107.pdf
540,12_FineArt_e_IntroductionIndianArt8.pdf,https://ncert.nic.in/textbook/pdf/lefa108.pdf
541,12_FineArt_h_BhartiyaKala parichay1.pdf,https://ncert.nic.in/textbook/pdf/lhfa101.pdf
542,12_FineArt_h_BhartiyaKala parichay2.pdf,https://ncert.nic.in/textbook/pdf/lhfa102.pdf
543,12_FineArt_h_BhartiyaKala parichay3.pdf,https://ncert.nic.in/textbook/pdf/lhfa103.pdf
544,12_FineArt_h_BhartiyaKala parichay4.pdf,https://ncert.nic.in/textbook/pdf/lhfa104.pdf
545,12_FineArt_h_BhartiyaKala parichay5.pdf,https://ncert.nic.in/textbook/pdf/lhfa105.pdf
546,12_FineArt_h_BhartiyaKala parichay6.pdf,https://ncert.nic.in/textbook/pdf/lhfa106.pdf
547,12_FineArt_h_BhartiyaKala parichay7.pdf,https://ncert.nic.in/textbook/pdf/lhfa107.pdf
548,12_FineArt_h_BhartiyaKala parichay8.pdf,https://ncert.nic.in/textbook/pdf/lhfa108.pdf
549,12_Geography_e_FundamentalHumanGeography1.pdf,https://ncert.nic.in/textbook/pdf/legy101.pdf
550,12_Geography_e_FundamentalHumanGeography2.pdf,https://ncert.nic.in/textbook/pdf/legy102.pdf
551,12_Geography_e_FundamentalHumanGeography3.pdf,https://ncert.nic.in/textbook/pdf/legy103.pdf
552,12_Geography_e_FundamentalHumanGeography4.pdf,https://ncert.nic.in/textbook/pdf/legy104.pdf
553,12_Geography_e_FundamentalHumanGeography5.pdf,https://ncert.nic.in/textbook/pdf/legy105.pdf
554,12_Geography_e_FundamentalHumanGeography6.pdf,https://ncert.nic.in/textbook/pdf/legy106.pdf
555,12_Geography_e_FundamentalHumanGeography7.pdf,https://ncert.nic.in/textbook/pdf/legy107.pdf
556,12_Geography_e_FundamentalHumanGeography8.pdf,https://ncert.nic.in/textbook/pdf/legy108.pdf
557,12_Geography_e_IndiaPeopleEconomy1.pdf,https://ncert.nic.in/textbook/pdf/legy201.pdf
558,12_Geography_e_IndiaPeopleEconomy2.pdf,https://ncert.nic.in/textbook/pdf/legy202.pdf
559,12_Geography_e_IndiaPeopleEconomy3.pdf,https://ncert.nic.in/textbook/pdf/legy203.pdf
560,12_Geography_e_IndiaPeopleEconomy4.pdf,https://ncert.nic.in/textbook/pdf/legy204.pdf
561,12_Geography_e_IndiaPeopleEconomy5.pdf,https://ncert.nic.in/textbook/pdf/legy205.pdf
562,12_Geography_e_IndiaPeopleEconomy6.pdf,https://ncert.nic.in/textbook/pdf/legy206.pdf
563,12_Geography_e_IndiaPeopleEconomy7.pdf,https://ncert.nic.in/textbook/pdf/legy207.pdf
564,12_Geography_e_IndiaPeopleEconomy8.pdf,https://ncert.nic.in/textbook/pdf/legy208.pdf
565,12_Geography_e_IndiaPeopleEconomy9.pdf,https://ncert.nic.in/textbook/pdf/legy209.pdf
566,12_Geography_e_Practical1.pdf,https://ncert.nic.in/textbook/pdf/legy301.pdf
567,12_Geography_e_Practical2.pdf,https://ncert.nic.in/textbook/pdf/legy302.pdf
568,12_Geography_e_Practical3.pdf,https://ncert.nic.in/textbook/pdf/legy303.pdf
569,12_Geography_e_Practical4.pdf,https://ncert.nic.in/textbook/pdf/legy304.pdf
570,12_Geography_h_BharatLogArtvyastha1.pdf,https://ncert.nic.in/textbook/pdf/lhgy201.pdf
571,12_Geography_h_BharatLogArtvyastha2.pdf,https://ncert.nic.in/textbook/pdf/lhgy202.pdf
572,12_Geography_h_BharatLogArtvyastha3.pdf,https://ncert.nic.in/textbook/pdf/lhgy203.pdf
573,12_Geography_h_BharatLogArtvyastha4.pdf,https://ncert.nic.in/textbook/pdf/lhgy204.pdf
574,12_Geography_h_BharatLogArtvyastha5.pdf,https://ncert.nic.in/textbook/pdf/lhgy205.pdf
575,12_Geography_h_BharatLogArtvyastha6.pdf,https://ncert.nic.in/textbook/pdf/lhgy206.pdf
576,12_Geography_h_BharatLogArtvyastha7.pdf,https://ncert.nic.in/textbook/pdf/lhgy207.pdf
577,12_Geography_h_BharatLogArtvyastha8.pdf,https://ncert.nic.in/textbook/pdf/lhgy208.pdf
578,12_Geography_h_BharatLogArtvyastha9.pdf,https://ncert.nic.in/textbook/pdf/lhgy209.pdf
579,12_Geography_h_ManavBhugolSidhant1.pdf,https://ncert.nic.in/textbook/pdf/lhgy101.pdf
580,12_Geography_h_ManavBhugolSidhant2.pdf,https://ncert.nic.in/textbook/pdf/lhgy102.pdf
581,12_Geography_h_ManavBhugolSidhant3.pdf,https://ncert.nic.in/textbook/pdf/lhgy103.pdf
582,12_Geography_h_ManavBhugolSidhant4.pdf,https://ncert.nic.in/textbook/pdf/lhgy104.pdf
583,12_Geography_h_ManavBhugolSidhant5.pdf,https://ncert.nic.in/textbook/pdf/lhgy105.pdf
584,12_Geography_h_ManavBhugolSidhant6.pdf,https://ncert.nic.in/textbook/pdf/lhgy106.pdf
585,12_Geography_h_ManavBhugolSidhant7.pdf,https://ncert.nic.in/textbook/pdf/lhgy107.pdf
586,12_Geography_h_ManavBhugolSidhant8.pdf,https://ncert.nic.in/textbook/pdf/lhgy108.pdf
587,12_Geography_h_Prayogatmak1.pdf,https://ncert.nic.in/textbook/pdf/lhgy301.pdf
588,12_Geography_h_Prayogatmak2.pdf,https://ncert.nic.in/textbook/pdf/lhgy302.pdf
589,12_Geography_h_Prayogatmak3.pdf,https://ncert.nic.in/textbook/pdf/lhgy303.pdf
590,12_Geography_h_Prayogatmak4.pdf,https://ncert.nic.in/textbook/pdf/lhgy304.pdf
591,12_History_e_ThemesIndianHistory11.pdf,https://ncert.nic.in/textbook/pdf/lehs101.pdf
592,12_History_e_ThemesIndianHistory12.pdf,https://ncert.nic.in/textbook/pdf/lehs102.pdf
593,12_History_e_ThemesIndianHistory13.pdf,https://ncert.nic.in/textbook/pdf/lehs103.pdf
594,12_History_e_ThemesIndianHistory14.pdf,https://ncert.nic.in/textbook/pdf/lehs104.pdf
595,12_History_e_ThemesIndianHistory21.pdf,https://ncert.nic.in/textbook/pdf/lehs201.pdf
596,12_History_e_ThemesIndianHistory22.pdf,https://ncert.nic.in/textbook/pdf/lehs202.pdf
597,12_History_e_ThemesIndianHistory23.pdf,https://ncert.nic.in/textbook/pdf/lehs203.pdf
598,12_History_e_ThemesIndianHistory24.pdf,https://ncert.nic.in/textbook/pdf/lehs204.pdf
599,12_History_e_ThemesIndianHistory31.pdf,https://ncert.nic.in/textbook/pdf/lehs301.pdf
600,12_History_e_ThemesIndianHistory32.pdf,https://ncert.nic.in/textbook/pdf/lehs302.pdf
601,12_History_e_ThemesIndianHistory33.pdf,https://ncert.nic.in/textbook/pdf/lehs303.pdf
602,12_History_e_ThemesIndianHistory34.pdf,https://ncert.nic.in/textbook/pdf/lehs304.pdf
603,12_History_h_BhartiyaItihaasVishay11.pdf,https://ncert.nic.in/textbook/pdf/lhhs101.pdf
604,12_History_h_BhartiyaItihaasVishay12.pdf,https://ncert.nic.in/textbook/pdf/lhhs102.pdf
605,12_History_h_BhartiyaItihaasVishay13.pdf,https://ncert.nic.in/textbook/pdf/lhhs103.pdf
606,12_History_h_BhartiyaItihaasVishay14.pdf,https://ncert.nic.in/textbook/pdf/lhhs104.pdf
607,12_History_h_BhartiyaItihaasVishay21.pdf,https://ncert.nic.in/textbook/pdf/lhhs201.pdf
608,12_History_h_BhartiyaItihaasVishay22.pdf,https://ncert.nic.in/textbook/pdf/lhhs202.pdf
609,12_History_h_BhartiyaItihaasVishay23.pdf,https://ncert.nic.in/textbook/pdf/lhhs203.pdf
610,12_History_h_BhartiyaItihaasVishay24.pdf,https://ncert.nic.in/textbook/pdf/lhhs204.pdf
611,12_History_h_BhartiyaItihaasVishay31.pdf,https://ncert.nic.in/textbook/pdf/lhhs301.pdf
612,12_History_h_BhartiyaItihaasVishay32.pdf,https://ncert.nic.in/textbook/pdf/lhhs302.pdf
613,12_History_h_BhartiyaItihaasVishay33.pdf,https://ncert.nic.in/textbook/pdf/lhhs303.pdf
614,12_History_h_BhartiyaItihaasVishay34.pdf,https://ncert.nic.in/textbook/pdf/lhhs304.pdf
615,12_PoliticalScience_e_ContemporaryWorldPolitics1.pdf,https://ncert.nic.in/textbook/pdf/leps101.pdf
616,12_PoliticalScience_e_ContemporaryWorldPolitics2.pdf,https://ncert.nic.in/textbook/pdf/leps102.pdf
617,12_PoliticalScience_e_ContemporaryWorldPolitics3.pdf,https://ncert.nic.in/textbook/pdf/leps103.pdf
618,12_PoliticalScience_e_ContemporaryWorldPolitics4.pdf,https://ncert.nic.in/textbook/pdf/leps104.pdf
619,12_PoliticalScience_e_ContemporaryWorldPolitics5.pdf,https://ncert.nic.in/textbook/pdf/leps105.pdf
620,12_PoliticalScience_e_ContemporaryWorldPolitics6.pdf,https://ncert.nic.in/textbook/pdf/leps106.pdf
621,12_PoliticalScience_e_ContemporaryWorldPolitics7.pdf,https://ncert.nic.in/textbook/pdf/leps107.pdf
622,12_PoliticalScience_e_PoliticsIndiaSinceIndependence1.pdf,https://ncert.nic.in/textbook/pdf/leps201.pdf
623,12_PoliticalScience_e_PoliticsIndiaSinceIndependence2.pdf,https://ncert.nic.in/textbook/pdf/leps202.pdf
624,12_PoliticalScience_e_PoliticsIndiaSinceIndependence3.pdf,https://ncert.nic.in/textbook/pdf/leps203.pdf
625,12_PoliticalScience_e_PoliticsIndiaSinceIndependence4.pdf,https://ncert.nic.in/textbook/pdf/leps204.pdf
626,12_PoliticalScience_e_PoliticsIndiaSinceIndependence5.pdf,https://ncert.nic.in/textbook/pdf/leps205.pdf
627,12_PoliticalScience_e_PoliticsIndiaSinceIndependence6.pdf,https://ncert.nic.in/textbook/pdf/leps206.pdf
628,12_PoliticalScience_e_PoliticsIndiaSinceIndependence7.pdf,https://ncert.nic.in/textbook/pdf/leps207.pdf
629,12_PoliticalScience_e_PoliticsIndiaSinceIndependence8.pdf,https://ncert.nic.in/textbook/pdf/leps208.pdf
630,12_PoliticalScience_h_SamkalinVishwaRajniti1.pdf,https://ncert.nic.in/textbook/pdf/lhps101.pdf
631,12_PoliticalScience_h_SamkalinVishwaRajniti2.pdf,https://ncert.nic.in/textbook/pdf/lhps102.pdf
632,12_PoliticalScience_h_SamkalinVishwaRajniti3.pdf,https://ncert.nic.in/textbook/pdf/lhps103.pdf
633,12_PoliticalScience_h_SamkalinVishwaRajniti4.pdf,https://ncert.nic.in/textbook/pdf/lhps104.pdf
634,12_PoliticalScience_h_SamkalinVishwaRajniti5.pdf,https://ncert.nic.in/textbook/pdf/lhps105.pdf
635,12_PoliticalScience_h_SamkalinVishwaRajniti6.pdf,https://ncert.nic.in/textbook/pdf/lhps106.pdf
636,12_PoliticalScience_h_SamkalinVishwaRajniti7.pdf,https://ncert.nic.in/textbook/pdf/lhps107.pdf
637,12_PoliticalScience_h_SwatantraBharatRajniti1.pdf,https://ncert.nic.in/textbook/pdf/lhps201.pdf
638,12_PoliticalScience_h_SwatantraBharatRajniti2.pdf,https://ncert.nic.in/textbook/pdf/lhps202.pdf
639,12_PoliticalScience_h_SwatantraBharatRajniti3.pdf,https://ncert.nic.in/textbook/pdf/lhps203.pdf
640,12_PoliticalScience_h_SwatantraBharatRajniti4.pdf,https://ncert.nic.in/textbook/pdf/lhps204.pdf
641,12_PoliticalScience_h_SwatantraBharatRajniti5.pdf,https://ncert.nic.in/textbook/pdf/lhps205.pdf
642,12_PoliticalScience_h_SwatantraBharatRajniti6.pdf,https://ncert.nic.in/textbook/pdf/lhps206.pdf
643,12_PoliticalScience_h_SwatantraBharatRajniti7.pdf,https://ncert.nic.in/textbook/pdf/lhps207.pdf
644,12_PoliticalScience_h_SwatantraBharatRajniti8.pdf,https://ncert.nic.in/textbook/pdf/lhps208.pdf
645,12_Sociology_e_IndianSociety1.pdf,https://ncert.nic.in/textbook/pdf/lesy101.pdf
646,12_Sociology_e_IndianSociety2.pdf,https://ncert.nic.in/textbook/pdf/lesy102.pdf
647,12_Sociology_e_IndianSociety3.pdf,https://ncert.nic.in/textbook/pdf/lesy103.pdf
648,12_Sociology_e_IndianSociety4.pdf,https://ncert.nic.in/textbook/pdf/lesy104.pdf
649,12_Sociology_e_IndianSociety5.pdf,https://ncert.nic.in/textbook/pdf/lesy105.pdf
650,12_Sociology_e_IndianSociety6.pdf,https://ncert.nic.in/textbook/pdf/lesy106.pdf
651,12_Sociology_e_IndianSociety7.pdf,https://ncert.nic.in/textbook/pdf/lesy107.pdf
652,12_Sociology_e_SocialChangeDevelopmentIndia1.pdf,https://ncert.nic.in/textbook/pdf/lesy201.pdf
653,12_Sociology_e_SocialChangeDevelopmentIndia2.pdf,https://ncert.nic.in/textbook/pdf/lesy202.pdf
654,12_Sociology_e_SocialChangeDevelopmentIndia3.pdf,https://ncert.nic.in/textbook/pdf/lesy203.pdf
655,12_Sociology_e_SocialChangeDevelopmentIndia4.pdf,https://ncert.nic.in/textbook/pdf/lesy204.pdf
656,12_Sociology_e_SocialChangeDevelopmentIndia5.pdf,https://ncert.nic.in/textbook/pdf/lesy205.pdf
657,12_Sociology_e_SocialChangeDevelopmentIndia6.pdf,https://ncert.nic.in/textbook/pdf/lesy206.pdf
658,12_Sociology_e_SocialChangeDevelopmentIndia7.pdf,https://ncert.nic.in/textbook/pdf/lesy207.pdf
659,12_Sociology_e_SocialChangeDevelopmentIndia8.pdf,https://ncert.nic.in/textbook/pdf/lesy208.pdf
660,12_Sociology_h_BharatSamajikParivartanVikas1.pdf,https://ncert.nic.in/textbook/pdf/lhsy201.pdf
661,12_Sociology_h_BharatSamajikParivartanVikas2.pdf,https://ncert.nic.in/textbook/pdf/lhsy202.pdf
662,12_Sociology_h_BharatSamajikParivartanVikas3.pdf,https://ncert.nic.in/textbook/pdf/lhsy203.pdf
663,12_Sociology_h_BharatSamajikParivartanVikas4.pdf,https://ncert.nic.in/textbook/pdf/lhsy204.pdf
664,12_Sociology_h_BharatSamajikParivartanVikas5.pdf,https://ncert.nic.in/textbook/pdf/lhsy205.pdf
665,12_Sociology_h_BharatSamajikParivartanVikas6.pdf,https://ncert.nic.in/textbook/pdf/lhsy206.pdf
666,12_Sociology_h_BharatSamajikParivartanVikas7.pdf,https://ncert.nic.in/textbook/pdf/lhsy207.pdf
667,12_Sociology_h_BharatSamajikParivartanVikas8.pdf,https://ncert.nic.in/textbook/pdf/lhsy208.pdf
668,12_Sociology_h_BhartiyaSamaj1.pdf,https://ncert.nic.in/textbook/pdf/lhsy101.pdf
669,12_Sociology_h_BhartiyaSamaj2.pdf,https://ncert.nic.in/textbook/pdf/lhsy102.pdf
670,12_Sociology_h_BhartiyaSamaj3.pdf,https://ncert.nic.in/textbook/pdf/lhsy103.pdf
671,12_Sociology_h_BhartiyaSamaj4.pdf,https://ncert.nic.in/textbook/pdf/lhsy104.pdf
672,12_Sociology_h_BhartiyaSamaj5.pdf,https://ncert.nic.in/textbook/pdf/lhsy105.pdf
673,12_Sociology_h_BhartiyaSamaj6.pdf,https://ncert.nic.in/textbook/pdf/lhsy106.pdf
674,12_Sociology_h_BhartiyaSamaj7.pdf,https://ncert.nic.in/textbook/pdf/lhsy107.pdf
